arfcn;name;uplink;downlink
0;EGSM-900;890;935
1;GSM-900;890.2;935.2
2;GSM-900;890.4;935.4
3;GSM-900;890.6;935.6
4;GSM-900;890.8;935.8
5;GSM-900;891;936
6;GSM-900;891.2;936.2
7;GSM-900;891.4;936.4
8;GSM-900;891.6;936.6
9;GSM-900;891.8;936.8
10;GSM-900;892;937
11;GSM-900;892.2;937.2
12;GSM-900;892.4;937.4
13;GSM-900;892.6;937.6
14;GSM-900;892.8;937.8
15;GSM-900;893;938
16;GSM-900;893.2;938.2
17;GSM-900;893.4;938.4
18;GSM-900;893.6;938.6
19;GSM-900;893.8;938.8
20;GSM-900;894;939
21;GSM-900;894.2;939.2
22;GSM-900;894.4;939.4
23;GSM-900;894.6;939.6
24;GSM-900;894.8;939.8
25;GSM-900;895;940
26;GSM-900;895.2;940.2
27;GSM-900;895.4;940.4
28;GSM-900;895.6;940.6
29;GSM-900;895.8;940.8
30;GSM-900;896;941
31;GSM-900;896.2;941.2
32;GSM-900;896.4;941.4
33;GSM-900;896.6;941.6
34;GSM-900;896.8;941.8
35;GSM-900;897;942
36;GSM-900;897.2;942.2
37;GSM-900;897.4;942.4
38;GSM-900;897.6;942.6
39;GSM-900;897.8;942.8
40;GSM-900;898;943
41;GSM-900;898.2;943.2
42;GSM-900;898.4;943.4
43;GSM-900;898.6;943.6
44;GSM-900;898.8;943.8
45;GSM-900;899;944
46;GSM-900;899.2;944.2
47;GSM-900;899.4;944.4
48;GSM-900;899.6;944.6
49;GSM-900;899.8;944.8
50;GSM-900;900;945
51;GSM-900;900.2;945.2
52;GSM-900;900.4;945.4
53;GSM-900;900.6;945.6
54;GSM-900;900.8;945.8
55;GSM-900;901;946
56;GSM-900;901.2;946.2
57;GSM-900;901.4;946.4
58;GSM-900;901.6;946.6
59;GSM-900;901.8;946.8
60;GSM-900;902;947
61;GSM-900;902.2;947.2
62;GSM-900;902.4;947.4
63;GSM-900;902.6;947.6
64;GSM-900;902.8;947.8
65;GSM-900;903;948
66;GSM-900;903.2;948.2
67;GSM-900;903.4;948.4
68;GSM-900;903.6;948.6
69;GSM-900;903.8;948.8
70;GSM-900;904;949
71;GSM-900;904.2;949.2
72;GSM-900;904.4;949.4
73;GSM-900;904.6;949.6
74;GSM-900;904.8;949.8
75;GSM-900;905;950
76;GSM-900;905.2;950.2
77;GSM-900;905.4;950.4
78;GSM-900;905.6;950.6
79;GSM-900;905.8;950.8
80;GSM-900;906;951
81;GSM-900;906.2;951.2
82;GSM-900;906.4;951.4
83;GSM-900;906.6;951.6
84;GSM-900;906.8;951.8
85;GSM-900;907;952
86;GSM-900;907.2;952.2
87;GSM-900;907.4;952.4
88;GSM-900;907.6;952.6
89;GSM-900;907.8;952.8
90;GSM-900;908;953
91;GSM-900;908.2;953.2
92;GSM-900;908.4;953.4
93;GSM-900;908.6;953.6
94;GSM-900;908.8;953.8
95;GSM-900;909;954
96;GSM-900;909.2;954.2
97;GSM-900;909.4;954.4
98;GSM-900;909.6;954.6
99;GSM-900;909.8;954.8
100;GSM-900;910;955
101;GSM-900;910.2;955.2
102;GSM-900;910.4;955.4
103;GSM-900;910.6;955.6
104;GSM-900;910.8;955.8
105;GSM-900;911;956
106;GSM-900;911.2;956.2
107;GSM-900;911.4;956.4
108;GSM-900;911.6;956.6
109;GSM-900;911.8;956.8
110;GSM-900;912;957
111;GSM-900;912.2;957.2
112;GSM-900;912.4;957.4
113;GSM-900;912.6;957.6
114;GSM-900;912.8;957.8
115;GSM-900;913;958
116;GSM-900;913.2;958.2
117;GSM-900;913.4;958.4
118;GSM-900;913.6;958.6
119;GSM-900;913.8;958.8
120;GSM-900;914;959
121;GSM-900;914.2;959.2
122;GSM-900;914.4;959.4
123;GSM-900;914.6;959.6
124;GSM-900;914.8;959.8
128;GSM-850;824.2;869.2
129;GSM-850;824.4;869.4
130;GSM-850;824.6;869.6
131;GSM-850;824.8;869.8
132;GSM-850;825;870
133;GSM-850;825.2;870.2
134;GSM-850;825.4;870.4
135;GSM-850;825.6;870.6
136;GSM-850;825.8;870.8
137;GSM-850;826;871
138;GSM-850;826.2;871.2
139;GSM-850;826.4;871.4
140;GSM-850;826.6;871.6
141;GSM-850;826.8;871.8
142;GSM-850;827;872
143;GSM-850;827.2;872.2
144;GSM-850;827.4;872.4
145;GSM-850;827.6;872.6
146;GSM-850;827.8;872.8
147;GSM-850;828;873
148;GSM-850;828.2;873.2
149;GSM-850;828.4;873.4
150;GSM-850;828.6;873.6
151;GSM-850;828.8;873.8
152;GSM-850;829;874
153;GSM-850;829.2;874.2
154;GSM-850;829.4;874.4
155;GSM-850;829.6;874.6
156;GSM-850;829.8;874.8
157;GSM-850;830;875
158;GSM-850;830.2;875.2
159;GSM-850;830.4;875.4
160;GSM-850;830.6;875.6
161;GSM-850;830.8;875.8
162;GSM-850;831;876
163;GSM-850;831.2;876.2
164;GSM-850;831.4;876.4
165;GSM-850;831.6;876.6
166;GSM-850;831.8;876.8
167;GSM-850;832;877
168;GSM-850;832.2;877.2
169;GSM-850;832.4;877.4
170;GSM-850;832.6;877.6
171;GSM-850;832.8;877.8
172;GSM-850;833;878
173;GSM-850;833.2;878.2
174;GSM-850;833.4;878.4
175;GSM-850;833.6;878.6
176;GSM-850;833.8;878.8
177;GSM-850;834;879
178;GSM-850;834.2;879.2
179;GSM-850;834.4;879.4
180;GSM-850;834.6;879.6
181;GSM-850;834.8;879.8
182;GSM-850;835;880
183;GSM-850;835.2;880.2
184;GSM-850;835.4;880.4
185;GSM-850;835.6;880.6
186;GSM-850;835.8;880.8
187;GSM-850;836;881
188;GSM-850;836.2;881.2
189;GSM-850;836.4;881.4
190;GSM-850;836.6;881.6
191;GSM-850;836.8;881.8
192;GSM-850;837;882
193;GSM-850;837.2;882.2
194;GSM-850;837.4;882.4
195;GSM-850;837.6;882.6
196;GSM-850;837.8;882.8
197;GSM-850;838;883
198;GSM-850;838.2;883.2
199;GSM-850;838.4;883.4
200;GSM-850;838.6;883.6
201;GSM-850;838.8;883.8
202;GSM-850;839;884
203;GSM-850;839.2;884.2
204;GSM-850;839.4;884.4
205;GSM-850;839.6;884.6
206;GSM-850;839.8;884.8
207;GSM-850;840;885
208;GSM-850;840.2;885.2
209;GSM-850;840.4;885.4
210;GSM-850;840.6;885.6
211;GSM-850;840.8;885.8
212;GSM-850;841;886
213;GSM-850;841.2;886.2
214;GSM-850;841.4;886.4
215;GSM-850;841.6;886.6
216;GSM-850;841.8;886.8
217;GSM-850;842;887
218;GSM-850;842.2;887.2
219;GSM-850;842.4;887.4
220;GSM-850;842.6;887.6
221;GSM-850;842.8;887.8
222;GSM-850;843;888
223;GSM-850;843.2;888.2
224;GSM-850;843.4;888.4
225;GSM-850;843.6;888.6
226;GSM-850;843.8;888.8
227;GSM-850;844;889
228;GSM-850;844.2;889.2
229;GSM-850;844.4;889.4
230;GSM-850;844.6;889.6
231;GSM-850;844.8;889.8
232;GSM-850;845;890
233;GSM-850;845.2;890.2
234;GSM-850;845.4;890.4
235;GSM-850;845.6;890.6
236;GSM-850;845.8;890.8
237;GSM-850;846;891
238;GSM-850;846.2;891.2
239;GSM-850;846.4;891.4
240;GSM-850;846.6;891.6
241;GSM-850;846.8;891.8
242;GSM-850;847;892
243;GSM-850;847.2;892.2
244;GSM-850;847.4;892.4
245;GSM-850;847.6;892.6
246;GSM-850;847.8;892.8
247;GSM-850;848;893
248;GSM-850;848.2;893.2
249;GSM-850;848.4;893.4
250;GSM-850;848.6;893.6
251;GSM-850;848.8;893.8
259;GSM-450;450.6;460.6
260;GSM-450;450.8;460.8
261;GSM-450;451;461
262;GSM-450;451.2;461.2
263;GSM-450;451.4;461.4
264;GSM-450;451.6;461.6
265;GSM-450;451.8;461.8
266;GSM-450;452;462
267;GSM-450;452.2;462.2
268;GSM-450;452.4;462.4
269;GSM-450;452.6;462.6
270;GSM-450;452.8;462.8
271;GSM-450;453;463
272;GSM-450;453.2;463.2
273;GSM-450;453.4;463.4
274;GSM-450;453.6;463.6
275;GSM-450;453.8;463.8
276;GSM-450;454;464
277;GSM-450;454.2;464.2
278;GSM-450;454.4;464.4
279;GSM-450;454.6;464.6
280;GSM-450;454.8;464.8
281;GSM-450;455;465
282;GSM-450;455.2;465.2
283;GSM-450;455.4;465.4
284;GSM-450;455.6;465.6
285;GSM-450;455.8;465.8
286;GSM-450;456;466
287;GSM-450;456.2;466.2
288;GSM-450;456.4;466.4
289;GSM-450;456.6;466.6
290;GSM-450;456.8;466.8
291;GSM-450;457;467
292;GSM-450;457.2;467.2
293;GSM-450;457.4;467.4
306;GSM-480;479;489
307;GSM-480;479.2;489.2
308;GSM-480;479.4;489.4
309;GSM-480;479.6;489.6
310;GSM-480;479.8;489.8
311;GSM-480;480;490
312;GSM-480;480.2;490.2
313;GSM-480;480.4;490.4
314;GSM-480;480.6;490.6
315;GSM-480;480.8;490.8
316;GSM-480;481;491
317;GSM-480;481.2;491.2
318;GSM-480;481.4;491.4
319;GSM-480;481.6;491.6
320;GSM-480;481.8;491.8
321;GSM-480;482;492
322;GSM-480;482.2;492.2
323;GSM-480;482.4;492.4
324;GSM-480;482.6;492.6
325;GSM-480;482.8;492.8
326;GSM-480;483;493
327;GSM-480;483.2;493.2
328;GSM-480;483.4;493.4
329;GSM-480;483.6;493.6
330;GSM-480;483.8;493.8
331;GSM-480;484;494
332;GSM-480;484.2;494.2
333;GSM-480;484.4;494.4
334;GSM-480;484.6;494.6
335;GSM-480;484.8;494.8
336;GSM-480;485;495
337;GSM-480;485.2;495.2
338;GSM-480;485.4;495.4
339;GSM-480;485.6;495.6
340;GSM-480;485.8;495.8
350;TGSM-810;806;816
351;TGSM-810;806.2;816.2
352;TGSM-810;806.4;816.4
353;TGSM-810;806.6;816.6
354;TGSM-810;806.8;816.8
355;TGSM-810;807;817
356;TGSM-810;807.2;817.2
357;TGSM-810;807.4;817.4
358;TGSM-810;807.6;817.6
359;TGSM-810;807.8;817.8
360;TGSM-810;808;818
361;TGSM-810;808.2;818.2
362;TGSM-810;808.4;818.4
363;TGSM-810;808.6;818.6
364;TGSM-810;808.8;818.8
365;TGSM-810;809;819
366;TGSM-810;809.2;819.2
367;TGSM-810;809.4;819.4
368;TGSM-810;809.6;819.6
369;TGSM-810;809.8;819.8
370;TGSM-810;810;820
371;TGSM-810;810.2;820.2
372;TGSM-810;810.4;820.4
373;TGSM-810;810.6;820.6
374;TGSM-810;810.8;820.8
375;TGSM-810;811;821
376;TGSM-810;811.2;821.2
377;TGSM-810;811.4;821.4
378;TGSM-810;811.6;821.6
379;TGSM-810;811.8;821.8
380;TGSM-810;812;822
381;TGSM-810;812.2;822.2
382;TGSM-810;812.4;822.4
383;TGSM-810;812.6;822.6
384;TGSM-810;812.8;822.8
385;TGSM-810;813;823
386;TGSM-810;813.2;823.2
387;TGSM-810;813.4;823.4
388;TGSM-810;813.6;823.6
389;TGSM-810;813.8;823.8
390;TGSM-810;814;824
391;TGSM-810;814.2;824.2
392;TGSM-810;814.4;824.4
393;TGSM-810;814.6;824.6
394;TGSM-810;814.8;824.8
395;TGSM-810;815;825
396;TGSM-810;815.2;825.2
397;TGSM-810;815.4;825.4
398;TGSM-810;815.6;825.6
399;TGSM-810;815.8;825.8
400;TGSM-810;816;826
401;TGSM-810;816.2;826.2
402;TGSM-810;816.4;826.4
403;TGSM-810;816.6;826.6
404;TGSM-810;816.8;826.8
405;TGSM-810;817;827
406;TGSM-810;817.2;827.2
407;TGSM-810;817.4;827.4
408;TGSM-810;817.6;827.6
409;TGSM-810;817.8;827.8
410;TGSM-810;818;828
411;TGSM-810;818.2;828.2
412;TGSM-810;818.4;828.4
413;TGSM-810;818.6;828.6
414;TGSM-810;818.8;828.8
415;TGSM-810;819;829
416;TGSM-810;819.2;829.2
417;TGSM-810;819.4;829.4
418;TGSM-810;819.6;829.6
419;TGSM-810;819.8;829.8
420;TGSM-810;820;830
421;TGSM-810;820.2;830.2
422;TGSM-810;820.4;830.4
423;TGSM-810;820.6;830.6
424;TGSM-810;820.8;830.8
425;TGSM-810;821;831
438;GSM-750;747.2;777.2
439;GSM-750;747.4;777.4
440;GSM-750;747.6;777.6
441;GSM-750;747.8;777.8
442;GSM-750;748;778
443;GSM-750;748.2;778.2
444;GSM-750;748.4;778.4
445;GSM-750;748.6;778.6
446;GSM-750;748.8;778.8
447;GSM-750;749;779
448;GSM-750;749.2;779.2
449;GSM-750;749.4;779.4
450;GSM-750;749.6;779.6
451;GSM-750;749.8;779.8
452;GSM-750;750;780
453;GSM-750;750.2;780.2
454;GSM-750;750.4;780.4
455;GSM-750;750.6;780.6
456;GSM-750;750.8;780.8
457;GSM-750;751;781
458;GSM-750;751.2;781.2
459;GSM-750;751.4;781.4
460;GSM-750;751.6;781.6
461;GSM-750;751.8;781.8
462;GSM-750;752;782
463;GSM-750;752.2;782.2
464;GSM-750;752.4;782.4
465;GSM-750;752.6;782.6
466;GSM-750;752.8;782.8
467;GSM-750;753;783
468;GSM-750;753.2;783.2
469;GSM-750;753.4;783.4
470;GSM-750;753.6;783.6
471;GSM-750;753.8;783.8
472;GSM-750;754;784
473;GSM-750;754.2;784.2
474;GSM-750;754.4;784.4
475;GSM-750;754.6;784.6
476;GSM-750;754.8;784.8
477;GSM-750;755;785
478;GSM-750;755.2;785.2
479;GSM-750;755.4;785.4
480;GSM-750;755.6;785.6
481;GSM-750;755.8;785.8
482;GSM-750;756;786
483;GSM-750;756.2;786.2
484;GSM-750;756.4;786.4
485;GSM-750;756.6;786.6
486;GSM-750;756.8;786.8
487;GSM-750;757;787
488;GSM-750;757.2;787.2
489;GSM-750;757.4;787.4
490;GSM-750;757.6;787.6
491;GSM-750;757.8;787.8
492;GSM-750;758;788
493;GSM-750;758.2;788.2
494;GSM-750;758.4;788.4
495;GSM-750;758.6;788.6
496;GSM-750;758.8;788.8
497;GSM-750;759;789
498;GSM-750;759.2;789.2
499;GSM-750;759.4;789.4
500;GSM-750;759.6;789.6
501;GSM-750;759.8;789.8
502;GSM-750;760;790
503;GSM-750;760.2;790.2
504;GSM-750;760.4;790.4
505;GSM-750;760.6;790.6
506;GSM-750;760.8;790.8
507;GSM-750;761;791
508;GSM-750;761.2;791.2
509;GSM-750;761.4;791.4
510;GSM-750;761.6;791.6
511;GSM-750;761.8;791.8
512;GSM-1900;1850.2;1930.2
513;GSM-1900;1850.4;1930.4
514;GSM-1900;1850.6;1930.6
515;GSM-1900;1850.8;1930.8
516;GSM-1900;1851;1931
517;GSM-1900;1851.2;1931.2
518;GSM-1900;1851.4;1931.4
519;GSM-1900;1851.6;1931.6
520;GSM-1900;1851.8;1931.8
521;GSM-1900;1852;1932
522;GSM-1900;1852.2;1932.2
523;GSM-1900;1852.4;1932.4
524;GSM-1900;1852.6;1932.6
525;GSM-1900;1852.8;1932.8
526;GSM-1900;1853;1933
527;GSM-1900;1853.2;1933.2
528;GSM-1900;1853.4;1933.4
529;GSM-1900;1853.6;1933.6
530;GSM-1900;1853.8;1933.8
531;GSM-1900;1854;1934
532;GSM-1900;1854.2;1934.2
533;GSM-1900;1854.4;1934.4
534;GSM-1900;1854.6;1934.6
535;GSM-1900;1854.8;1934.8
536;GSM-1900;1855;1935
537;GSM-1900;1855.2;1935.2
538;GSM-1900;1855.4;1935.4
539;GSM-1900;1855.6;1935.6
540;GSM-1900;1855.8;1935.8
541;GSM-1900;1856;1936
542;GSM-1900;1856.2;1936.2
543;GSM-1900;1856.4;1936.4
544;GSM-1900;1856.6;1936.6
545;GSM-1900;1856.8;1936.8
546;GSM-1900;1857;1937
547;GSM-1900;1857.2;1937.2
548;GSM-1900;1857.4;1937.4
549;GSM-1900;1857.6;1937.6
550;GSM-1900;1857.8;1937.8
551;GSM-1900;1858;1938
552;GSM-1900;1858.2;1938.2
553;GSM-1900;1858.4;1938.4
554;GSM-1900;1858.6;1938.6
555;GSM-1900;1858.8;1938.8
556;GSM-1900;1859;1939
557;GSM-1900;1859.2;1939.2
558;GSM-1900;1859.4;1939.4
559;GSM-1900;1859.6;1939.6
560;GSM-1900;1859.8;1939.8
561;GSM-1900;1860;1940
562;GSM-1900;1860.2;1940.2
563;GSM-1900;1860.4;1940.4
564;GSM-1900;1860.6;1940.6
565;GSM-1900;1860.8;1940.8
566;GSM-1900;1861;1941
567;GSM-1900;1861.2;1941.2
568;GSM-1900;1861.4;1941.4
569;GSM-1900;1861.6;1941.6
570;GSM-1900;1861.8;1941.8
571;GSM-1900;1862;1942
572;GSM-1900;1862.2;1942.2
573;GSM-1900;1862.4;1942.4
574;GSM-1900;1862.6;1942.6
575;GSM-1900;1862.8;1942.8
576;GSM-1900;1863;1943
577;GSM-1900;1863.2;1943.2
578;GSM-1900;1863.4;1943.4
579;GSM-1900;1863.6;1943.6
580;GSM-1900;1863.8;1943.8
581;GSM-1900;1864;1944
582;GSM-1900;1864.2;1944.2
583;GSM-1900;1864.4;1944.4
584;GSM-1900;1864.6;1944.6
585;GSM-1900;1864.8;1944.8
586;GSM-1900;1865;1945
587;GSM-1900;1865.2;1945.2
588;GSM-1900;1865.4;1945.4
589;GSM-1900;1865.6;1945.6
590;GSM-1900;1865.8;1945.8
591;GSM-1900;1866;1946
592;GSM-1900;1866.2;1946.2
593;GSM-1900;1866.4;1946.4
594;GSM-1900;1866.6;1946.6
595;GSM-1900;1866.8;1946.8
596;GSM-1900;1867;1947
597;GSM-1900;1867.2;1947.2
598;GSM-1900;1867.4;1947.4
599;GSM-1900;1867.6;1947.6
600;GSM-1900;1867.8;1947.8
601;GSM-1900;1868;1948
602;GSM-1900;1868.2;1948.2
603;GSM-1900;1868.4;1948.4
604;GSM-1900;1868.6;1948.6
605;GSM-1900;1868.8;1948.8
606;GSM-1900;1869;1949
607;GSM-1900;1869.2;1949.2
608;GSM-1900;1869.4;1949.4
609;GSM-1900;1869.6;1949.6
610;GSM-1900;1869.8;1949.8
611;GSM-1900;1870;1950
612;GSM-1900;1870.2;1950.2
613;GSM-1900;1870.4;1950.4
614;GSM-1900;1870.6;1950.6
615;GSM-1900;1870.8;1950.8
616;GSM-1900;1871;1951
617;GSM-1900;1871.2;1951.2
618;GSM-1900;1871.4;1951.4
619;GSM-1900;1871.6;1951.6
620;GSM-1900;1871.8;1951.8
621;GSM-1900;1872;1952
622;GSM-1900;1872.2;1952.2
623;GSM-1900;1872.4;1952.4
624;GSM-1900;1872.6;1952.6
625;GSM-1900;1872.8;1952.8
626;GSM-1900;1873;1953
627;GSM-1900;1873.2;1953.2
628;GSM-1900;1873.4;1953.4
629;GSM-1900;1873.6;1953.6
630;GSM-1900;1873.8;1953.8
631;GSM-1900;1874;1954
632;GSM-1900;1874.2;1954.2
633;GSM-1900;1874.4;1954.4
634;GSM-1900;1874.6;1954.6
635;GSM-1900;1874.8;1954.8
636;GSM-1900;1875;1955
637;GSM-1900;1875.2;1955.2
638;GSM-1900;1875.4;1955.4
639;GSM-1900;1875.6;1955.6
640;GSM-1900;1875.8;1955.8
641;GSM-1900;1876;1956
642;GSM-1900;1876.2;1956.2
643;GSM-1900;1876.4;1956.4
644;GSM-1900;1876.6;1956.6
645;GSM-1900;1876.8;1956.8
646;GSM-1900;1877;1957
647;GSM-1900;1877.2;1957.2
648;GSM-1900;1877.4;1957.4
649;GSM-1900;1877.6;1957.6
650;GSM-1900;1877.8;1957.8
651;GSM-1900;1878;1958
652;GSM-1900;1878.2;1958.2
653;GSM-1900;1878.4;1958.4
654;GSM-1900;1878.6;1958.6
655;GSM-1900;1878.8;1958.8
656;GSM-1900;1879;1959
657;GSM-1900;1879.2;1959.2
658;GSM-1900;1879.4;1959.4
659;GSM-1900;1879.6;1959.6
660;GSM-1900;1879.8;1959.8
661;GSM-1900;1880;1960
662;GSM-1900;1880.2;1960.2
663;GSM-1900;1880.4;1960.4
664;GSM-1900;1880.6;1960.6
665;GSM-1900;1880.8;1960.8
666;GSM-1900;1881;1961
667;GSM-1900;1881.2;1961.2
668;GSM-1900;1881.4;1961.4
669;GSM-1900;1881.6;1961.6
670;GSM-1900;1881.8;1961.8
671;GSM-1900;1882;1962
672;GSM-1900;1882.2;1962.2
673;GSM-1900;1882.4;1962.4
674;GSM-1900;1882.6;1962.6
675;GSM-1900;1882.8;1962.8
676;GSM-1900;1883;1963
677;GSM-1900;1883.2;1963.2
678;GSM-1900;1883.4;1963.4
679;GSM-1900;1883.6;1963.6
680;GSM-1900;1883.8;1963.8
681;GSM-1900;1884;1964
682;GSM-1900;1884.2;1964.2
683;GSM-1900;1884.4;1964.4
684;GSM-1900;1884.6;1964.6
685;GSM-1900;1884.8;1964.8
686;GSM-1900;1885;1965
687;GSM-1900;1885.2;1965.2
688;GSM-1900;1885.4;1965.4
689;GSM-1900;1885.6;1965.6
690;GSM-1900;1885.8;1965.8
691;GSM-1900;1886;1966
692;GSM-1900;1886.2;1966.2
693;GSM-1900;1886.4;1966.4
694;GSM-1900;1886.6;1966.6
695;GSM-1900;1886.8;1966.8
696;GSM-1900;1887;1967
697;GSM-1900;1887.2;1967.2
698;GSM-1900;1887.4;1967.4
699;GSM-1900;1887.6;1967.6
700;GSM-1900;1887.8;1967.8
701;GSM-1900;1888;1968
702;GSM-1900;1888.2;1968.2
703;GSM-1900;1888.4;1968.4
704;GSM-1900;1888.6;1968.6
705;GSM-1900;1888.8;1968.8
706;GSM-1900;1889;1969
707;GSM-1900;1889.2;1969.2
708;GSM-1900;1889.4;1969.4
709;GSM-1900;1889.6;1969.6
710;GSM-1900;1889.8;1969.8
711;GSM-1900;1890;1970
712;GSM-1900;1890.2;1970.2
713;GSM-1900;1890.4;1970.4
714;GSM-1900;1890.6;1970.6
715;GSM-1900;1890.8;1970.8
716;GSM-1900;1891;1971
717;GSM-1900;1891.2;1971.2
718;GSM-1900;1891.4;1971.4
719;GSM-1900;1891.6;1971.6
720;GSM-1900;1891.8;1971.8
721;GSM-1900;1892;1972
722;GSM-1900;1892.2;1972.2
723;GSM-1900;1892.4;1972.4
724;GSM-1900;1892.6;1972.6
725;GSM-1900;1892.8;1972.8
726;GSM-1900;1893;1973
727;GSM-1900;1893.2;1973.2
728;GSM-1900;1893.4;1973.4
729;GSM-1900;1893.6;1973.6
730;GSM-1900;1893.8;1973.8
731;GSM-1900;1894;1974
732;GSM-1900;1894.2;1974.2
733;GSM-1900;1894.4;1974.4
734;GSM-1900;1894.6;1974.6
735;GSM-1900;1894.8;1974.8
736;GSM-1900;1895;1975
737;GSM-1900;1895.2;1975.2
738;GSM-1900;1895.4;1975.4
739;GSM-1900;1895.6;1975.6
740;GSM-1900;1895.8;1975.8
741;GSM-1900;1896;1976
742;GSM-1900;1896.2;1976.2
743;GSM-1900;1896.4;1976.4
744;GSM-1900;1896.6;1976.6
745;GSM-1900;1896.8;1976.8
746;GSM-1900;1897;1977
747;GSM-1900;1897.2;1977.2
748;GSM-1900;1897.4;1977.4
749;GSM-1900;1897.6;1977.6
750;GSM-1900;1897.8;1977.8
751;GSM-1900;1898;1978
752;GSM-1900;1898.2;1978.2
753;GSM-1900;1898.4;1978.4
754;GSM-1900;1898.6;1978.6
755;GSM-1900;1898.8;1978.8
756;GSM-1900;1899;1979
757;GSM-1900;1899.2;1979.2
758;GSM-1900;1899.4;1979.4
759;GSM-1900;1899.6;1979.6
760;GSM-1900;1899.8;1979.8
761;GSM-1900;1900;1980
762;GSM-1900;1900.2;1980.2
763;GSM-1900;1900.4;1980.4
764;GSM-1900;1900.6;1980.6
765;GSM-1900;1900.8;1980.8
766;GSM-1900;1901;1981
767;GSM-1900;1901.2;1981.2
768;GSM-1900;1901.4;1981.4
769;GSM-1900;1901.6;1981.6
770;GSM-1900;1901.8;1981.8
771;GSM-1900;1902;1982
772;GSM-1900;1902.2;1982.2
773;GSM-1900;1902.4;1982.4
774;GSM-1900;1902.6;1982.6
775;GSM-1900;1902.8;1982.8
776;GSM-1900;1903;1983
777;GSM-1900;1903.2;1983.2
778;GSM-1900;1903.4;1983.4
779;GSM-1900;1903.6;1983.6
780;GSM-1900;1903.8;1983.8
781;GSM-1900;1904;1984
782;GSM-1900;1904.2;1984.2
783;GSM-1900;1904.4;1984.4
784;GSM-1900;1904.6;1984.6
785;GSM-1900;1904.8;1984.8
786;GSM-1900;1905;1985
787;GSM-1900;1905.2;1985.2
788;GSM-1900;1905.4;1985.4
789;GSM-1900;1905.6;1985.6
790;GSM-1900;1905.8;1985.8
791;GSM-1900;1906;1986
792;GSM-1900;1906.2;1986.2
793;GSM-1900;1906.4;1986.4
794;GSM-1900;1906.6;1986.6
795;GSM-1900;1906.8;1986.8
796;GSM-1900;1907;1987
797;GSM-1900;1907.2;1987.2
798;GSM-1900;1907.4;1987.4
799;GSM-1900;1907.6;1987.6
800;GSM-1900;1907.8;1987.8
801;GSM-1900;1908;1988
802;GSM-1900;1908.2;1988.2
803;GSM-1900;1908.4;1988.4
804;GSM-1900;1908.6;1988.6
805;GSM-1900;1908.8;1988.8
806;GSM-1900;1909;1989
807;GSM-1900;1909.2;1989.2
808;GSM-1900;1909.4;1989.4
809;GSM-1900;1909.6;1989.6
810;GSM-1900;1909.8;1989.8
811;GSM-1800;1770;1865
812;GSM-1800;1770.2;1865.2
813;GSM-1800;1770.4;1865.4
814;GSM-1800;1770.6;1865.6
815;GSM-1800;1770.8;1865.8
816;GSM-1800;1771;1866
817;GSM-1800;1771.2;1866.2
818;GSM-1800;1771.4;1866.4
819;GSM-1800;1771.6;1866.6
820;GSM-1800;1771.8;1866.8
821;GSM-1800;1772;1867
822;GSM-1800;1772.2;1867.2
823;GSM-1800;1772.4;1867.4
824;GSM-1800;1772.6;1867.6
825;GSM-1800;1772.8;1867.8
826;GSM-1800;1773;1868
827;GSM-1800;1773.2;1868.2
828;GSM-1800;1773.4;1868.4
829;GSM-1800;1773.6;1868.6
830;GSM-1800;1773.8;1868.8
831;GSM-1800;1774;1869
832;GSM-1800;1774.2;1869.2
833;GSM-1800;1774.4;1869.4
834;GSM-1800;1774.6;1869.6
835;GSM-1800;1774.8;1869.8
836;GSM-1800;1775;1870
837;GSM-1800;1775.2;1870.2
838;GSM-1800;1775.4;1870.4
839;GSM-1800;1775.6;1870.6
840;GSM-1800;1775.8;1870.8
841;GSM-1800;1776;1871
842;GSM-1800;1776.2;1871.2
843;GSM-1800;1776.4;1871.4
844;GSM-1800;1776.6;1871.6
845;GSM-1800;1776.8;1871.8
846;GSM-1800;1777;1872
847;GSM-1800;1777.2;1872.2
848;GSM-1800;1777.4;1872.4
849;GSM-1800;1777.6;1872.6
850;GSM-1800;1777.8;1872.8
851;GSM-1800;1778;1873
852;GSM-1800;1778.2;1873.2
853;GSM-1800;1778.4;1873.4
854;GSM-1800;1778.6;1873.6
855;GSM-1800;1778.8;1873.8
856;GSM-1800;1779;1874
857;GSM-1800;1779.2;1874.2
858;GSM-1800;1779.4;1874.4
859;GSM-1800;1779.6;1874.6
860;GSM-1800;1779.8;1874.8
861;GSM-1800;1780;1875
862;GSM-1800;1780.2;1875.2
863;GSM-1800;1780.4;1875.4
864;GSM-1800;1780.6;1875.6
865;GSM-1800;1780.8;1875.8
866;GSM-1800;1781;1876
867;GSM-1800;1781.2;1876.2
868;GSM-1800;1781.4;1876.4
869;GSM-1800;1781.6;1876.6
870;GSM-1800;1781.8;1876.8
871;GSM-1800;1782;1877
872;GSM-1800;1782.2;1877.2
873;GSM-1800;1782.4;1877.4
874;GSM-1800;1782.6;1877.6
875;GSM-1800;1782.8;1877.8
876;GSM-1800;1783;1878
877;GSM-1800;1783.2;1878.2
878;GSM-1800;1783.4;1878.4
879;GSM-1800;1783.6;1878.6
880;GSM-1800;1783.8;1878.8
881;GSM-1800;1784;1879
882;GSM-1800;1784.2;1879.2
883;GSM-1800;1784.4;1879.4
884;GSM-1800;1784.6;1879.6
885;GSM-1800;1784.8;1879.8
955;RGSM-900;876.2;921.2
956;RGSM-900;876.4;921.4
957;RGSM-900;876.6;921.6
958;RGSM-900;876.8;921.8
959;RGSM-900;877;922
960;RGSM-900;877.2;922.2
961;RGSM-900;877.4;922.4
962;RGSM-900;877.6;922.6
963;RGSM-900;877.8;922.8
964;RGSM-900;878;923
965;RGSM-900;878.2;923.2
966;RGSM-900;878.4;923.4
967;RGSM-900;878.6;923.6
968;RGSM-900;878.8;923.8
969;RGSM-900;879;924
970;RGSM-900;879.2;924.2
971;RGSM-900;879.4;924.4
972;RGSM-900;879.6;924.6
973;RGSM-900;879.8;924.8
974;RGSM-900;880;925
975;EGSM-900;880.2;925.2
976;EGSM-900;880.4;925.4
977;EGSM-900;880.6;925.6
978;EGSM-900;880.8;925.8
979;EGSM-900;881;926
980;EGSM-900;881.2;926.2
981;EGSM-900;881.4;926.4
982;EGSM-900;881.6;926.6
983;EGSM-900;881.8;926.8
984;EGSM-900;882;927
985;EGSM-900;882.2;927.2
986;EGSM-900;882.4;927.4
987;EGSM-900;882.6;927.6
988;EGSM-900;882.8;927.8
989;EGSM-900;883;928
990;EGSM-900;883.2;928.2
991;EGSM-900;883.4;928.4
992;EGSM-900;883.6;928.6
993;EGSM-900;883.8;928.8
994;EGSM-900;884;929
995;EGSM-900;884.2;929.2
996;EGSM-900;884.4;929.4
997;EGSM-900;884.6;929.6
998;EGSM-900;884.8;929.8
999;EGSM-900;885;930
1000;EGSM-900;885.2;930.2
1001;EGSM-900;885.4;930.4
1002;EGSM-900;885.6;930.6
1003;EGSM-900;885.8;930.8
1004;EGSM-900;886;931
1005;EGSM-900;886.2;931.2
1006;EGSM-900;886.4;931.4
1007;EGSM-900;886.6;931.6
1008;EGSM-900;886.8;931.8
1009;EGSM-900;887;932
1010;EGSM-900;887.2;932.2
1011;EGSM-900;887.4;932.4
1012;EGSM-900;887.6;932.6
1013;EGSM-900;887.8;932.8
1014;EGSM-900;888;933
1015;EGSM-900;888.2;933.2
1016;EGSM-900;888.4;933.4
1017;EGSM-900;888.6;933.6
1018;EGSM-900;888.8;933.8
1019;EGSM-900;889;934
1020;EGSM-900;889.2;934.2
1021;EGSM-900;889.4;934.4
1022;EGSM-900;889.6;934.6
1023;EGSM-900;889.8;934.8
